country,year,forest_loss
Brazil,1990,163.06
Brazil,1991,165.61
Brazil,1992,152.75
Brazil,1993,157.59
Brazil,1994,166.34
Brazil,1995,165.72
Brazil,1996,168.81
Brazil,1997,166.23
Brazil,1998,176.49
Brazil,1999,177.58
Brazil,2000,175.61
Brazil,2001,182.52
Brazil,2002,180.82
Brazil,2003,175.78
Brazil,2004,183.52
Brazil,2005,178.48
Brazil,2006,189.26
Brazil,2007,186.21
Brazil,2008,187.14
Brazil,2009,186.25
Brazil,2010,197.37
Brazil,2011,192.08
Brazil,2012,192.31
Brazil,2013,194.29
Brazil,2014,200.31
Brazil,2015,201.07
Brazil,2016,202.9
Brazil,2017,204.59
Brazil,2018,214.74
Brazil,2019,203.6
Brazil,2020,204.67
Brazil,2021,204.76
Brazil,2022,213.5
Brazil,2023,217.66
India,1990,39.26
India,1991,48.33
India,1992,50.48
India,1993,51.17
India,1994,46.82
India,1995,52.99
India,1996,54.1
India,1997,56.3
India,1998,61.26
India,1999,59.71
India,2000,63.67
India,2001,62.31
India,2002,65.1
India,2003,68.5
India,2004,59.75
India,2005,67.13
India,2006,68.06
India,2007,68.91
India,2008,72.42
India,2009,82.96
India,2010,72.84
India,2011,83.7
India,2012,72.14
India,2013,80.56
India,2014,84.74
India,2015,88.55
India,2016,90.86
India,2017,92.96
India,2018,88.94
India,2019,90.06
India,2020,98.35
India,2021,94.8
India,2022,91.06
India,2023,93.47
Indonesia,1990,31.21
Indonesia,1991,35.15
Indonesia,1992,30.77
Indonesia,1993,34.9
Indonesia,1994,38.44
Indonesia,1995,34.97
Indonesia,1996,40.0
Indonesia,1997,35.61
Indonesia,1998,38.31
Indonesia,1999,39.42
Indonesia,2000,36.55
Indonesia,2001,46.17
Indonesia,2002,42.59
Indonesia,2003,46.2
Indonesia,2004,49.75
Indonesia,2005,50.78
Indonesia,2006,53.08
Indonesia,2007,50.46
Indonesia,2008,50.04
Indonesia,2009,52.96
Indonesia,2010,46.13
Indonesia,2011,48.53
Indonesia,2012,50.36
Indonesia,2013,53.19
Indonesia,2014,61.38
Indonesia,2015,56.05
Indonesia,2016,59.89
Indonesia,2017,69.48
Indonesia,2018,62.41
Indonesia,2019,69.08
Indonesia,2020,61.93
Indonesia,2021,66.77
Indonesia,2022,64.26
Indonesia,2023,68.51
USA,1990,104.21
USA,1991,104.23
USA,1992,101.08
USA,1993,97.83
USA,1994,106.42
USA,1995,104.42
USA,1996,109.24
USA,1997,109.19
USA,1998,118.1
USA,1999,109.9
USA,2000,106.98
USA,2001,114.0
USA,2002,115.21
USA,2003,121.91
USA,2004,120.3
USA,2005,118.91
USA,2006,125.45
USA,2007,113.2
USA,2008,116.95
USA,2009,116.52
USA,2010,120.21
USA,2011,116.28
USA,2012,127.35
USA,2013,124.06
USA,2014,118.83
USA,2015,122.11
USA,2016,129.76
USA,2017,133.39
USA,2018,140.19
USA,2019,145.78
USA,2020,134.29
USA,2021,128.28
USA,2022,123.57
USA,2023,136.57
China,1990,76.62
China,1991,80.78
China,1992,88.62
China,1993,85.87
China,1994,86.1
China,1995,83.51
China,1996,82.12
China,1997,89.86
China,1998,93.83
China,1999,104.74
China,2000,98.35
China,2001,104.41
China,2002,98.81
China,2003,97.18
China,2004,100.08
China,2005,103.08
China,2006,119.15
China,2007,106.2
China,2008,116.31
China,2009,109.4
China,2010,120.37
China,2011,119.44
China,2012,118.54
China,2013,120.92
China,2014,119.65
China,2015,126.95
China,2016,124.25
China,2017,122.2
China,2018,123.74
China,2019,132.79
China,2020,141.63
China,2021,136.33
China,2022,136.74
China,2023,140.57
Russia,1990,74.81
Russia,1991,84.83
Russia,1992,83.87
Russia,1993,91.84
Russia,1994,87.5
Russia,1995,82.9
Russia,1996,84.61
Russia,1997,102.13
Russia,1998,104.93
Russia,1999,97.84
Russia,2000,99.25
Russia,2001,110.9
Russia,2002,100.49
Russia,2003,103.98
Russia,2004,114.1
Russia,2005,111.34
Russia,2006,115.72
Russia,2007,117.36
Russia,2008,122.3
Russia,2009,130.08
Russia,2010,125.92
Russia,2011,131.12
Russia,2012,120.08
Russia,2013,132.51
Russia,2014,130.97
Russia,2015,131.52
Russia,2016,135.66
Russia,2017,140.81
Russia,2018,149.49
Russia,2019,140.71
Russia,2020,149.92
Russia,2021,149.78
Russia,2022,152.99
Russia,2023,162.07
Canada,1990,138.54
Canada,1991,138.72
Canada,1992,143.97
Canada,1993,149.2
Canada,1994,151.75
Canada,1995,148.34
Canada,1996,157.1
Canada,1997,160.68
Canada,1998,175.02
Canada,1999,174.7
Canada,2000,163.94
Canada,2001,169.66
Canada,2002,166.67
Canada,2003,173.92
Canada,2004,181.34
Canada,2005,188.68
Canada,2006,181.9
Canada,2007,185.16
Canada,2008,180.58
Canada,2009,193.39
Canada,2010,191.78
Canada,2011,197.34
Canada,2012,198.49
Canada,2013,205.29
Canada,2014,199.86
Canada,2015,204.21
Canada,2016,225.08
Canada,2017,210.88
Canada,2018,214.73
Canada,2019,232.28
Canada,2020,240.51
Canada,2021,223.02
Canada,2022,229.92
Canada,2023,236.36
DR Congo,1990,167.21
DR Congo,1991,173.6
DR Congo,1992,173.17
DR Congo,1993,170.39
DR Congo,1994,172.87
DR Congo,1995,167.94
DR Congo,1996,174.9
DR Congo,1997,176.04
DR Congo,1998,179.81
DR Congo,1999,177.15
DR Congo,2000,183.56
DR Congo,2001,187.54
DR Congo,2002,184.53
DR Congo,2003,186.78
DR Congo,2004,186.57
DR Congo,2005,187.58
DR Congo,2006,185.25
DR Congo,2007,191.71
DR Congo,2008,190.92
DR Congo,2009,203.15
DR Congo,2010,201.82
DR Congo,2011,197.16
DR Congo,2012,192.69
DR Congo,2013,192.22
DR Congo,2014,205.02
DR Congo,2015,201.65
DR Congo,2016,204.01
DR Congo,2017,194.16
DR Congo,2018,208.8
DR Congo,2019,207.71
DR Congo,2020,201.16
DR Congo,2021,205.63
DR Congo,2022,210.58
DR Congo,2023,210.8
Australia,1990,158.96
Australia,1991,161.82
Australia,1992,169.25
Australia,1993,149.9
Australia,1994,162.38
Australia,1995,165.28
Australia,1996,166.72
Australia,1997,164.21
Australia,1998,158.13
Australia,1999,169.39
Australia,2000,177.22
Australia,2001,161.75
Australia,2002,174.58
Australia,2003,169.45
Australia,2004,171.62
Australia,2005,167.5
Australia,2006,171.93
Australia,2007,180.94
Australia,2008,178.19
Australia,2009,184.77
Australia,2010,182.83
Australia,2011,179.98
Australia,2012,187.34
Australia,2013,181.65
Australia,2014,184.43
Australia,2015,179.65
Australia,2016,182.3
Australia,2017,179.31
Australia,2018,188.59
Australia,2019,178.58
Australia,2020,189.22
Australia,2021,185.19
Australia,2022,192.84
Australia,2023,191.57
Peru,1990,142.77
Peru,1991,151.01
Peru,1992,146.19
Peru,1993,150.17
Peru,1994,161.03
Peru,1995,157.37
Peru,1996,151.4
Peru,1997,150.54
Peru,1998,156.48
Peru,1999,150.95
Peru,2000,154.39
Peru,2001,160.01
Peru,2002,164.94
Peru,2003,162.92
Peru,2004,149.13
Peru,2005,162.82
Peru,2006,162.37
Peru,2007,164.79
Peru,2008,171.51
Peru,2009,153.83
Peru,2010,161.9
Peru,2011,168.52
Peru,2012,158.37
Peru,2013,174.37
Peru,2014,169.54
Peru,2015,172.64
Peru,2016,166.27
Peru,2017,173.9
Peru,2018,175.89
Peru,2019,172.42
Peru,2020,173.14
Peru,2021,174.03
Peru,2022,169.07
Peru,2023,173.36
